{
  "temperature_effect_jaccard": {
    "test": "temperature_effect",
    "metric": "jaccard_all",
    "n_temperatures": 4,
    "temperatures": [
      0.0,
      0.15,
      0.3,
      0.6
    ],
    "spearman_rho": -0.3099350971352415,
    "spearman_p": 1.2156892109235637e-05,
    "p_value": 1.2156892109235637e-05,
    "statistic": "rho=-0.310",
    "kruskal_H": 19.801098600100307,
    "kruskal_p": 0.0001866387345477437,
    "kruskal_eta_sq": 0.10367067329895449,
    "medians_by_temp": {
      "0.0": 0.9333333333333333,
      "0.15": 0.8666666666666667,
      "0.3": 0.7148148148148148,
      "0.6": 0.6370370370370368
    }
  },
  "temperature_effect_bertscore": {
    "test": "temperature_effect",
    "metric": "bertscore_f1",
    "n_temperatures": 4,
    "temperatures": [
      0.0,
      0.15,
      0.3,
      0.6
    ],
    "spearman_rho": -0.5480919632267222,
    "spearman_p": 1.89875045751384e-16,
    "p_value": 1.89875045751384e-16,
    "statistic": "rho=-0.548",
    "kruskal_H": 60.26917080290329,
    "kruskal_p": 5.149180244550549e-13,
    "kruskal_eta_sq": 0.3155453968738392,
    "medians_by_temp": {
      "0.0": 0.777336597442627,
      "0.15": 0.7446336448192596,
      "0.3": 0.7269083261489868,
      "0.6": 0.6961036920547485
    }
  },
  "temperature_per_model_jaccard": {
    "test": "temperature_effect_per_model",
    "metric": "jaccard_all",
    "per_model": {
      "llama70b": {
        "rho": -0.1325389711381302,
        "p_value": 0.536986234501253,
        "n": 24,
        "significant": false
      },
      "mistral_large": {
        "rho": -0.3257646585232013,
        "p_value": 0.12031708463165214,
        "n": 24,
        "significant": false
      },
      "mistral_small32": {
        "rho": -0.20213499118997796,
        "p_value": 0.3435270938204126,
        "n": 24,
        "significant": false
      },
      "mistral_small4": {
        "rho": -0.160407161300109,
        "p_value": 0.4540080934952482,
        "n": 24,
        "significant": false
      },
      "olmo3_32b": {
        "rho": -0.5606986457886056,
        "p_value": 0.004370754740522868,
        "n": 24,
        "significant": true
      },
      "qwen35_122b": {
        "rho": -0.49791646737423617,
        "p_value": 0.013285634354667316,
        "n": 24,
        "significant": true
      },
      "qwen35_27b": {
        "rho": -0.651725522039569,
        "p_value": 0.0005600810311676309,
        "n": 24,
        "significant": true
      },
      "qwen35_397b": {
        "rho": -0.2426590971034818,
        "p_value": 0.2532467216281037,
        "n": 24,
        "significant": false
      }
    }
  },
  "model_differences_jaccard": {
    "test": "kruskal_wallis",
    "metric": "jaccard_all",
    "n_groups": 8,
    "n_total": 192,
    "H_statistic": 30.946221296372986,
    "p_value": 6.360995978913045e-05,
    "eta_squared": 0.1620221010281308,
    "pairwise": [
      {
        "pair": "llama70b vs mistral_large",
        "U_statistic": 207.0,
        "p_value": 0.09058064996557738,
        "p_bonferroni": 1.0
      },
      {
        "pair": "llama70b vs mistral_small32",
        "U_statistic": 146.0,
        "p_value": 0.002299397101129741,
        "p_bonferroni": 0.06438311883163275
      },
      {
        "pair": "llama70b vs mistral_small4",
        "U_statistic": 264.5,
        "p_value": 0.6309387191576985,
        "p_bonferroni": 1.0
      },
      {
        "pair": "llama70b vs olmo3_32b",
        "U_statistic": 188.0,
        "p_value": 0.03497742784568129,
        "p_bonferroni": 0.9793679796790761
      },
      {
        "pair": "llama70b vs qwen35_122b",
        "U_statistic": 184.5,
        "p_value": 0.029722015508840283,
        "p_bonferroni": 0.8322164342475279
      },
      {
        "pair": "llama70b vs qwen35_27b",
        "U_statistic": 372.0,
        "p_value": 0.08462528942537988,
        "p_bonferroni": 1.0
      },
      {
        "pair": "llama70b vs qwen35_397b",
        "U_statistic": 284.0,
        "p_value": 0.9419766383184112,
        "p_bonferroni": 1.0
      },
      {
        "pair": "mistral_large vs mistral_small32",
        "U_statistic": 228.5,
        "p_value": 0.1795430024603416,
        "p_bonferroni": 1.0
      },
      {
        "pair": "mistral_large vs mistral_small4",
        "U_statistic": 349.5,
        "p_value": 0.1914599096307127,
        "p_bonferroni": 1.0
      },
      {
        "pair": "mistral_large vs olmo3_32b",
        "U_statistic": 270.5,
        "p_value": 0.7077871076754063,
        "p_bonferroni": 1.0
      },
      {
        "pair": "mistral_large vs qwen35_122b",
        "U_statistic": 268.0,
        "p_value": 0.6698396508092479,
        "p_bonferroni": 1.0
      },
      {
        "pair": "mistral_large vs qwen35_27b",
        "U_statistic": 443.0,
        "p_value": 0.0013177635441557294,
        "p_bonferroni": 0.036897379236360425
      },
      {
        "pair": "mistral_large vs qwen35_397b",
        "U_statistic": 367.5,
        "p_value": 0.09404800269459365,
        "p_bonferroni": 1.0
      },
      {
        "pair": "mistral_small32 vs mistral_small4",
        "U_statistic": 389.0,
        "p_value": 0.02531620508949214,
        "p_bonferroni": 0.7088537425057799
      },
      {
        "pair": "mistral_small32 vs olmo3_32b",
        "U_statistic": 328.0,
        "p_value": 0.3561711478156452,
        "p_bonferroni": 1.0
      },
      {
        "pair": "mistral_small32 vs qwen35_122b",
        "U_statistic": 338.0,
        "p_value": 0.25417579636476006,
        "p_bonferroni": 1.0
      },
      {
        "pair": "mistral_small32 vs qwen35_27b",
        "U_statistic": 492.0,
        "p_value": 1.764047137941518e-05,
        "p_bonferroni": 0.000493933198623625
      },
      {
        "pair": "mistral_small32 vs qwen35_397b",
        "U_statistic": 415.0,
        "p_value": 0.005686424681165218,
        "p_bonferroni": 0.1592198910726261
      },
      {
        "pair": "mistral_small4 vs olmo3_32b",
        "U_statistic": 213.0,
        "p_value": 0.10609902486161696,
        "p_bonferroni": 1.0
      },
      {
        "pair": "mistral_small4 vs qwen35_122b",
        "U_statistic": 225.0,
        "p_value": 0.17812912504250744,
        "p_bonferroni": 1.0
      },
      {
        "pair": "mistral_small4 vs qwen35_27b",
        "U_statistic": 392.0,
        "p_value": 0.032019581023696855,
        "p_bonferroni": 0.896548268663512
      },
      {
        "pair": "mistral_small4 vs qwen35_397b",
        "U_statistic": 309.5,
        "p_value": 0.6589461275501955,
        "p_bonferroni": 1.0
      },
      {
        "pair": "olmo3_32b vs qwen35_122b",
        "U_statistic": 289.5,
        "p_value": 0.982242968108416,
        "p_bonferroni": 1.0
      },
      {
        "pair": "olmo3_32b vs qwen35_27b",
        "U_statistic": 460.5,
        "p_value": 0.00032726735631288746,
        "p_bonferroni": 0.009163485976760848
      },
      {
        "pair": "olmo3_32b vs qwen35_397b",
        "U_statistic": 385.5,
        "p_value": 0.037784266458762414,
        "p_bonferroni": 1.0
      },
      {
        "pair": "qwen35_122b vs qwen35_27b",
        "U_statistic": 462.0,
        "p_value": 0.00030013401300337867,
        "p_bonferroni": 0.008403752364094602
      },
      {
        "pair": "qwen35_122b vs qwen35_397b",
        "U_statistic": 379.5,
        "p_value": 0.052608345432529464,
        "p_bonferroni": 1.0
      },
      {
        "pair": "qwen35_27b vs qwen35_397b",
        "U_statistic": 207.5,
        "p_value": 0.09809552101086966,
        "p_bonferroni": 1.0
      }
    ]
  },
  "model_differences_bertscore": {
    "test": "kruskal_wallis",
    "metric": "bertscore_f1",
    "n_groups": 8,
    "n_total": 192,
    "H_statistic": 29.649825437395638,
    "p_value": 0.00011007903127963296,
    "eta_squared": 0.15523468815390387,
    "pairwise": [
      {
        "pair": "llama70b vs mistral_large",
        "U_statistic": 305.0,
        "p_value": 0.7336876455731964,